,Date,Commit ID,Compilation Result,Error Message,,
,2022-02-28,1d573158f2af7be882674e59c02490836abd0cde,Success,,,
,2022-02-19,c2f29ccfd1e2619ae2960c96bd54e76e2ba0e03b,Success,,,
,2022-02-13,d4f637130db35cec7993094357290236ffef4497,Success,,,
,2022-02-02,3a74a92b298b0d32cfc96a689c8fc95125201dde,Success,,,
,2022-01-24,85580b49ee2f06505129ebccac5d382e412c58e2,Success,,,
,2022-01-15,abb069cc8e72c8e57eb8835bf3ceb26e4bb91416,Success,,,
,2022-01-05,37be72fc48121c142c0a4be1c634373e0f929882,Success,,,
,2021-12-27,52f4945766287806d6ab447214f64e4a95e61803,Success,,,
,2021-12-19,610eeeb866b1fda23025787e70bf0a81d0e8740c,Success,,,
,2021-12-10,403842148e82c24e560c365efd8b7290076b0ba5,Success,,,
,2021-12-02,417846471d320c5d18bfec899b8518276c8a9574,Success,,,
,2021-11-20,c98be3f40009caffb8b66aded702356d975bb4d7,Success,,,
,2021-11-15,b06f9def2a5c7007a6ee804487fc259c0fbd747b,Success,,,
,2021-11-04,062190a2665fdea442e89f0e3a454c75e627b99a,Success,,,
,2021-10-26,3c23246558a56e751f3e4fd860f46a2440893fa8,Success,,,
,2021-10-16,5f1995de244986c820ed47028ceedf9167004673,Success,,,
,2021-10-10,d0740914053bb74ac46edb586aa9a959f5015ac8,Success,,,
,2021-09-21,462aaeba1de76d92d0ebd1d69c03b1a8c369ecf6,Success,,,
,2021-09-11,4560b6b281a1bef18023af112c7ff757912ea0e6,Success,,,
,2021-09-02,2c511c646f428a92c91b08e2bef25094701f5de2,Success,,,
,2021-08-24,a0292c87dac41f42e04b6d25e537571407f2221b,Success,,,
,2021-08-17,e7292ccfb985ffe11fb0bafeb9447fa4cf2d0308,Success,,,
,2021-08-09,62b40ffb08b7f49816c05f2a82904ee36607ace1,Success,,,
,2021-06-17,659c1ff5eaea941eb7ad0638b58e904dcc06d961,Success,,,
,2021-06-09,75375c0f163894bffb2bd70e62632694acdf4110,Success,,,
,2021-05-30,7ac71f15f8b11792d394d2b1bc596a73bd901cfa,Success,,,
,2021-05-22,45d258ef39e4f6c6b3905b786ffc249a853b1cb1,Success,,,
,2021-05-08,e0e978704745080b2c516d0d33f951d51c571448,Success,,,
,2021-04-28,729f6370276c5db90276da52917930a8225f09d7,Success,,,
,2021-04-17,6caf328fa850b1b8d9edef1b5dc62b7baf0383cc,Success,,,
,2021-04-10,96dd5b504333634695b0e5e4911c0077257facb6,Success,,,
,2021-04-02,0cfa3441591a3bd0b6b25d26aaf6e728224ec833,Success,,,
,2021-03-27,bbd7bbe78b4a9c760287975a7626c19fed86744c,Success,,,
,2021-03-20,c7279348335b820c35ee570462cb2e0b4eb1c370,Success,,,
,2021-03-12,413b77ca0a716c3f2bb0a1500ceefa91f83b8083,Success,,,
,2021-03-05,54f44f5991f5b0d1c2fd0fb724196f1b235523c3,Success,,,
,2021-02-27,d10b0e54bc2450a0ebd908c28380a91c08e795aa,Success,,,
,2021-02-21,25ab888edc20857fcd3830aab775475b59edfc4a,Success,,,
,2021-02-13,acdb6482dd3e945e0e8acefd7109b2df3faf505c,Success,,,
,2021-01-26,ff9866aa21608b211c0652f4c05a270a9b4eb3ac,Success,,,
,2021-01-15,e7ff6eddd361b18784a827fdacb41a012d20d1c5,Success,,,
,2021-01-09,7acd03138abc9946b70d32ef74b4fb23db0c922a,Success,,,
,2021-01-02,c9902261de609b9979bbc54664b5e10cf7d851cb,Success,,,
,2020-12-23,9d2ba68c16a079c4e7156d847ed9acb7a6d4bb88,Success,,,
,2020-12-17,2ce2a52c3c71d6111befa26da3a6583d96f21568,Success,,,
,2020-12-08,b8c35f1568b98bef2cc08665ed04da24d9ac329f,Success,,,
,2020-11-29,0c47af113cfcbe6bc716ffb60fb236823a39d6b6,Success,,,
,2020-11-09,029de3e90d2e5a87b8363fac29098d9e9330bbf6,Success,,,
,2020-10-31,150a2753b4bb055c678965a1ec9a66af3362345d,Success,,,
,2020-10-23,4de138c40f8102bbfdf89e614a8b52581f56431e,Success,,,
,2020-10-18,2289ac9e4fd9812debb2111960cb3e9277e63ef5,Success,,,
,2020-10-09,decb7a100dd0d30415c373fb76ff6a1341cb5235,Success,,,
,2020-09-30,51e1853e900bda5794717f33b3030c09c6eaca47,Success,,,
,2020-09-22,455e5da105c9562410ca968034f74566b4f757b3,Success,,,
,2020-09-13,967092ea14268df895338f7e8c31cfb8f18f2f04,Success,,,
,2020-09-05,9ce54c985876130e585e9e00b6b176fba58439a4,Success,,,
,2020-08-28,fd8b99411eb442df44cd0d779e0c7505c5a6adc1,Success,,,
,2020-08-19,ceddfe7adb288aa221089727b457ec7243d9d326,Success,,,
,2020-08-10,53873bc91c6ef18c6aa56aa3e55dfa15f701e06e,Success,,,
,2020-08-02,a1710570b660b50ef889fbb97080304e730797bd,Success,,,
,2020-07-25,8a856d69ac89c5510b7256c18ae82c0401625cf8,Success,,,
,2020-07-17,99d8946e884f10c2954b435f1d4c90f70f7e3529,Success,,,
,2020-07-08,77e80e8a0c3d3ef6f408f6fefecc622a286b5ce5,Success,,,
,2020-06-24,fadf375b0049d17d8eae25dd9b22ac52c1df27a5,Success,,,
,2020-06-16,56abc9ed7a9925ed945b894627265a82e8436f2f,Success,,,
,2020-06-07,44a634ddbb217a167d5570ad2d535987c20ff965,Success,,,
,2020-05-30,779f4984af4a72a84e6b89797ebb151f1ac31bfb,Success,,,
,2020-05-26,cc499d7aa16e07ca4eb8976d14985cdbb7193110,Success,,,
,2020-05-16,0dde72017f6d2019364351b7f395288232a4550d,Success,,,
,2020-05-07,64f92a100eccd50cb4abebfb9a758d3f3ad3b217,Success,,,
,2020-04-28,16cee80a7579883003cd179db7cef82878b9363c,Success,,,
,2020-04-25,d0be716b568d93ffd67406528d187e0e7bba6705,Success,,,
,2020-04-11,7897df534dbe8cebcb2284134fcccbc50b3b2a41,Success,,,
,2020-04-02,970325c41caaefe3b28c81f76e66824e640bb569,Success,,,
,2020-03-24,f63240a99cbdc6a36dc2b6d360584969d36fe6f1,Success,,,
,2020-03-15,8eec476532f4c2d754e853b8c5b38bb81e229616,Success,,,
,2020-03-07,a335e251b19c203efa86aea467c915b34856c8c9,Success,,,
,2020-02-26,06a7522d6c5de0d099bb5e8641a763b28041187d,Success,,,
,2020-02-17,6907711f77404bebedd98a0b9b71f8a92833613d,Success,,,
,2020-02-07,b7919e64ad10a375aecd1947303f3fc7e20940fa,Success,,,
,2020-01-27,03693f7c66707ddf84346430a979660abe4c58e3,Success,,,
,2020-01-17,8b6578cff5d0a33b5d305f3d40b0f5f27203e983,Success,,,
,2020-01-07,13ca8d68e56c2c1f3b97f83169f57404f00c8bac,Success,,,
,2019-12-28,98aa112bef19cd7b44903c52fb42c05ac1cf8e69,Success,,,
,2019-12-22,db0eb12e42711fd60778f2737a6fe8bd53a31856,Success,,,
,2019-12-13,d33386e4ffcedb6818eb646944b5142bb701c50f,Success,,,
,2019-12-04,447e4ce3d44a4fce2d4948ed8777ff2fae5ebddc,Success,,,
,2019-11-27,d3d7fdd91679406dfbadceaf0afaa8e95106e7cc,Success,,,
,2019-11-19,98e8022b224c4b418ab3a9844e68d6ca23551ec4,Success,,,
,2019-11-10,d2224af264bb8fd941dd07f5a3628f446bb05bd3,Success,,,
,2019-11-02,475874255eba88cccc5c111d7d59f59be22d52ac,Success,,,
,2019-10-26,b6205c44f8a0309193e206b60542afab9befad61,Success,,,
,2019-10-17,26ef2cef5373f6226cb983dabb97ac2eff6916ee,Success,,,
,2019-10-08,f75672cf93832bbf266ca8b8f23a39c10d05d2a3,Success,,,
,2019-09-29,926f895bfdc53f60b9d5b3e77ef231ff15d3b1e6,Success,,,
,2019-09-20,ee675911a8a558c0c96bedb85b9096fded95aa4b,Success,,,
,2019-09-13,974a3e85fd76039adbb34a5682bb522807e79e7f,Success,,,
,2019-09-05,340763e9a8ab596206e03703cf4c484a12242f79,Success,,,
,2019-08-28,6e858d8eb132ca650a3adcd423d355b1540c4396,Success,,,
,2019-08-20,bd19b87c490ca9321d383fbbb4038ced5f7b6f02,Success,,,